{
  "epoch_losses": [
    0.7009666825042051,
    0.6717463398680967,
    0.5714588270467871,
    0.49462088328950543,
    0.4696715780917336,
    0.4548562015680706,
    0.4561235142104766,
    0.45732639905284433,
    0.4486771664198707,
    0.38691075190025215,
    0.2999701517469743,
    0.27101585400455136,
    0.2669115390847711,
    0.25619541809839363,
    0.2542465478181839,
    0.25304461752667146,
    0.2609245650031987,
    0.24960038767141454,
    0.24748436449205174,
    0.24999095148899975,
    0.2547319360515651,
    0.2510521832634421,
    0.25080542134888034,
    0.24626237614189878,
    0.24975734729977214,
    0.2515130441854982,
    0.25027550800758247,
    0.2468942151788403,
    0.25002193494754676,
    0.2483613578712239,
    0.2489119917154312,
    0.24817438905729966,
    0.24954027463408077,
    0.2516113852753359,
    0.2521599447902511,
    0.2481141901191543,
    0.2570170847808613,
    0.2518937127555118,
    0.2486547144020305,
    0.24714231710223591,
    0.2463579585447031,
    0.24828711283557556,
    0.2551210978451897,
    0.24776884212213404,
    0.246513393433655,
    0.25039957507568245,
    0.24865535383715348,
    0.24902444771107504,
    0.2533360364682534,
    0.24461719897740028,
    0.24586907555075252,
    0.2556964461417759,
    0.245862054912483,
    0.25045718910063014,
    0.2495545630945879,
    0.24984588123419704,
    0.24774732353056178,
    0.24906234443187714,
    0.2507460042834282,
    0.24877727952073603
  ],
  "final_loss": 0.24877727952073603,
  "training_seconds": 182.667556,
  "framework": "MindSpore 2.8.0"
}