{
  "mean": [
    21.73297119140625,
    8.094440460205078,
    2.6479194164276123,
    8.006452560424805,
    35.977516174316406,
    47.9795036315918
  ],
  "std": [
    1.4320499897003174,
    0.14655083417892456,
    0.9272992610931396,
    0.4457513093948364,
    0.6112552285194397,
    0.6447514295578003
  ],
  "features": [
    "WaterTemp",
    "pH",
    "Turbidity",
    "DissolvedOxygen",
    "Salinity",
    "Conductivity"
  ]
}